TrackName,PricePerTrack,TotalUnitsSold
Latlux,0.99,19
Tres-Zap,0.99,19
Prodder,0.99,18
Sonsing,0.99,17
Temp,0.99,17
Cookley,0.99,15
Flowdesk,0.99,15
Solarbreeze,0.99,15
Stim,0.99,15
Zontrax,0.99,15
Alpha,0.99,14
Alphazap,0.99,14
Bytecard,0.99,14
Fintone,0.99,14
Konklux,0.99,14
Transcof,0.99,14
Asoka,0.99,13
Mat Lam Tam,0.99,13
Sonair,0.99,13
Toughjoyfax,0.99,13
Voyatouch,0.99,13
Andalax,0.99,12
Gembucket,0.99,12
Greenlam,0.99,12
It,0.99,12
Keylex,0.99,12
Opela,0.99,12
Tempsoft,0.99,12
Tresom,0.99,12
Wrapsafe,0.99,12
Y-Solowarm,0.99,12
Zaam-Dox,0.99,12
Bamity,0.99,11
Bitchip,0.99,11
Bitwolf,0.99,11
Cardguard,0.99,11
Domainer,0.99,11
Flexidy,0.99,11
Span,0.99,11
Y-find,0.99,11
Biodex,0.99,10
Cardify,0.99,10
Konklab,0.99,10
Matsoft,0.99,10
Pannier,0.99,10
Ronstring,0.99,10
Veribet,0.99,10
Zamit,0.99,10
Bigtax,0.99,9
Fix San,0.99,9
Fixflex,0.99,9
Holdlamis,0.99,9
Home Ing,0.99,9
Job,0.99,9
Otcom,0.99,9
Stronghold,0.99,9
Subin,0.99,9
Ventosanzap,0.99,9
Zoolab,0.99,9
Aerified,0.99,8
Kanlam,0.99,8
Overhold,0.99,8
Quo Lux,0.99,8
Regrant,0.99,8
Stringtough,0.99,8
Sub-Ex,0.99,8
Tampflex,0.99,8
Tin,0.99,8
Voltsillam,0.99,8
conglomeration,0.99,8
Hatity,0.99,7
Lotlux,0.99,7
Lotstring,0.99,7
Namfix,0.99,7
Redhold,0.99,7
artificial intelligence,0.99,7
holistic,0.99,7
projection,0.99,7
Exclusive,0.99,6
Treeflex,0.99,6
Trippledex,0.99,6
Viva,0.99,6
capability,0.99,6
emulation,0.99,6
scalable,0.99,6
Duobam,0.99,5
Focused,0.99,5
Opela,1.99,5
Rank,0.99,5
Zathin,0.99,5
analyzer,0.99,5
array,0.99,5
complexity,0.99,5
explicit,0.99,5
incremental,0.99,5
installation,0.99,5
optimizing,0.99,5
Daltfresh,0.99,4
Optimized,0.99,4
Rank,1.99,4
Synchronised,0.99,4
application,0.99,4
archive,0.99,4
contingency,0.99,4
exuding,0.99,4
foreground,0.99,4
hierarchy,0.99,4
hub,0.99,4
instruction set,0.99,4
intangible,0.99,4
methodical,0.99,4
monitoring,0.99,4
multistate,0.99,4
open system,0.99,4
policy,0.99,4
throughput,0.99,4
Alpha,1.99,3
Assimilated,0.99,3
Automated,0.99,3
Bigtax,1.99,3
Bitchip,1.99,3
Compatible,0.99,3
Customizable,0.99,3
Devolved,0.99,3
Ergonomic,0.99,3
Inverse,0.99,3
Monitored,0.99,3
Proactive,0.99,3
Profound,0.99,3
Ronstring,1.99,3
Seamless,0.99,3
Span,1.99,3
Stringtough,1.99,3
Vagram,0.99,3
Zamit,1.99,3
architecture,0.99,3
asymmetric,0.99,3
asynchronous,0.99,3
concept,0.99,3
definition,0.99,3
directional,0.99,3
empowering,0.99,3
forecast,0.99,3
framework,0.99,3
groupware,0.99,3
hardware,0.99,3
homogeneous,0.99,3
leading edge,0.99,3
local,0.99,3
logistical,0.99,3
mobile,0.99,3
moratorium,0.99,3
motivating,0.99,3
multimedia,0.99,3
national,0.99,3
neutral,0.99,3
next generation,0.99,3
open architecture,0.99,3
orchestration,0.99,3
paradigm,0.99,3
solution,0.99,3
standardization,0.99,3
static,0.99,3
strategy,0.99,3
structure,0.99,3
synergy,0.99,3
Aaren Rosenberg,0.99,2
Abrahan Pixton,0.99,2
Advanced,0.99,2
Alyssa Grimsey,0.99,2
Ameliorated,0.99,2
Aridatha Warman,0.99,2
Arliene Ivanin,0.99,2
Asa Lidierth,0.99,2
Ashlan Mattosoff,0.99,2
Bank Mocquer,0.99,2
Bel Rowler,0.99,2
Benji Powlett,0.99,2
Benjy Edwards,0.99,2
Biodex,1.99,2
Brear Branch,0.99,2
Brianne Parkey,0.99,2
Bruis Ure,0.99,2
Businessfocused,0.99,2
Carolus Krugmann,0.99,2
Celka Filson,0.99,2
Christos Braidman,0.99,2
Clementine Drinan,0.99,2
Cloned,0.99,2
Dale Roelofsen,0.99,2
Daltfresh,1.99,2
Darla Walcar,0.99,2
Darsie Goodlett,1.99,2
Dave Gledhill,0.99,2
Delainey Brookes,0.99,2
Diverse,0.99,2
Dorie Jeffery,0.99,2
Duobam,1.99,2
Evie Simonutti,0.99,2
Face to face,0.99,2
Farly Walton,0.99,2
Fixflex,1.99,2
Franchot Arnaudon,0.99,2
Frederic Boecke,0.99,2
Gabriello Brenneke,0.99,2
Gage Hambers,0.99,2
Ginelle Wearing,0.99,2
Gracia Darell,0.99,2
Gradey Bernth,0.99,2
Hall Smallpeice,0.99,2
Harwilll Wingfield,0.99,2
Henry Coolly,0.99,2
Hercules Fawcitt,0.99,2
Homerus Garstang,0.99,2
Idaline Bladesmith,0.99,2
Implemented,0.99,2
Innovative,0.99,2
Integrated,0.99,2
Jake Chettle,0.99,2
Jeromy Coulman,0.99,2
Kanlam,1.99,2
Karol Duddle,0.99,2
Kassey Giacometti,0.99,2
Kennan Talkington,0.99,2
Lacey Miskimmon,0.99,2
Laurene Blewis,0.99,2
Lauretta Steeden,0.99,2
Lesley Showalter,0.99,2
Lovell Cropper,0.99,2
Madelena Keeting,0.99,2
Managed,0.99,2
Mariquilla Thomel,0.99,2
Marlon Gilstoun,0.99,2
Mat Lam Tam,1.99,2
Matrix,0.99,2
Merilyn Bertouloume,0.99,2
Multitiered,0.99,2
Myrtle Fawcett,0.99,2
Neel Storrs,0.99,2
Nichole Perel,0.99,2
Nonnah Madgin,0.99,2
Norris Chilton,0.99,2
Openbeat,0.99,2
Openjazz,0.99,2
Opensource,0.99,2
Operative,0.99,2
Optional,0.99,2
Organic,0.99,2
Othello Tegler,0.99,2
Overhold,1.99,2
Padraic De Blasi,0.99,2
Palmer Beaven,0.99,2
Pannier,1.99,2
Pavlov Thomas,0.99,2
Pearla Maulden,0.99,2
Perl Bartholomieu,0.99,2
Profitfocused,0.99,2
Publickey,0.99,2
Raddy Peele,0.99,2
Realigned,0.99,2
Reduced,0.99,2
Riane Vedntyev,0.99,2
Robust,0.99,2
Rog Newland,0.99,2
Rosmunda Deener,0.99,2
Sallyann Leak,0.99,2
Scarlett Bywaters,0.99,2
Shara Milch,0.99,2
Sharable,0.99,2
Sile Kempton,0.99,2
Skippie Moen,0.99,2
Sonair,1.99,2
Streamlined,0.99,2
Sub-Ex,1.99,2
Synergistic,0.99,2
Synergized,0.99,2
Tami Moncey,1.99,2
Tanitansy Scawton,0.99,2
Teamwinner,0.99,2
Temp,1.99,2
Timmie Haysey,0.99,2
Universal,0.99,2
Upsized,0.99,2
Userbuddy,0.99,2
Visionary,0.99,2
Visionstuff,0.99,2
Wanids Leiden,0.99,2
Willem McKinney,0.99,2
actuating,0.99,2
algorithm,0.99,2
alklwlejraw,0.99,2
alliance,0.99,2
approach,0.99,2
bandwidthmonitored,0.99,2
benchmark,0.99,2
capacity,0.99,2
circuit,0.99,2
coherent,0.99,2
cohesive,0.99,2
collaboration,0.99,2
customer loyalty,0.99,2
database,0.99,2
demandjazzdriven,0.99,2
discrete,0.99,2
dynamic,0.99,2
encompassing,0.99,2
encryption,0.99,2
firmware,0.99,2
focus group,0.99,2
frame,0.99,2
global,0.99,2
helpdesk,0.99,2
interface,0.99,2
knowledge base,0.99,2
lawrjtiuhh,0.99,2
lmlmk,0.99,2
local area network,0.99,2
middleware,0.99,2
model,0.99,2
multigroove,0.99,2
pricing structure,0.99,2
process improvement,0.99,2
realtime,0.99,2
solutiongetter,0.99,2
success,0.99,2
system engine,0.99,2
tangible,0.99,2
toolset,0.99,2
uniform,0.99,2
wlrjewjj,0.99,2
zero defect,0.99,2
zero tolerance,0.99,2
Aarika Wiszniewski,0.99,1
Adelle MacRorie,0.99,1
Adham Minker,0.99,1
Adiana Phillpot,0.99,1
Adolph M'Quharge,0.99,1
Adolph Ridesdale,0.99,1
Adoree Grissett,0.99,1
Adrianna Carver,0.99,1
Ahmed Reynoollds,0.99,1
Alano Wiltshear,0.99,1
Albie Eburah,1.99,1
Albie Goldston,0.99,1
Alden Message,0.99,1
Alexi Canto,0.99,1
Alexina Yanez,0.99,1
Alfons Dutnall,0.99,1
Alisander Jodrellec,0.99,1
Almira Whipple,0.99,1
Alonso Otto,0.99,1
Alvan Bailes,0.99,1
Amargo Smurthwaite,0.99,1
Amble Cordel,0.99,1
Anderea Garie,0.99,1
Andrey Armand,0.99,1
Angeline Massow,0.99,1
Anica Vitall,0.99,1
Annabelle Mecchi,0.99,1
Annalee Buney,0.99,1
Annamaria Glyde,0.99,1
Annamaria Ratnage,0.99,1
Antonia Adamovich,0.99,1
Ardys Pixton,0.99,1
Ario Bingall,0.99,1
Arlan Hurch,1.99,1
Arlena Alcott,0.99,1
Arley Aikett,0.99,1
Arline Jeske,0.99,1
Arnie Karlicek,0.99,1
Aryn Hastelow,0.99,1
Asoka,1.99,1
Audi Rubel,0.99,1
Augusta Dungey,0.99,1
Aurea Heinle,0.99,1
Auria Schoular,0.99,1
Aurie Petrasch,0.99,1
Aviva Willavize,0.99,1
Babara Rhodus,1.99,1
Balanced,0.99,1
Barnebas Blackburne,0.99,1
Barton Sinclaire,0.99,1
Bary Buntain,0.99,1
Bastien Burbidge,0.99,1
Beaufort Hetterich,0.99,1
Beilul Benza,0.99,1
Bel Menichino,0.99,1
Belicia Franzman,0.99,1
Belva Wyllie,0.99,1
Benedikta Myrkus,0.99,1
Benjamin Churms,1.99,1
Berkie Woodroof,0.99,1
Bern Seals,0.99,1
Bernadette Irce,1.99,1
Berty McKew,0.99,1
Beverly Attfield,0.99,1
Beverly Draijer,0.99,1
Beverly Locket,0.99,1
Bibbie Raubenheimer,0.99,1
Billie Stronack,0.99,1
Biron Pepineaux,0.99,1
Bitwolf,1.99,1
Blayne Riddeough,0.99,1
Blinnie Bumphrey,0.99,1
Bobbee Spowage,0.99,1
Bobby Golsworthy,0.99,1
Bobbye Vasilov,1.99,1
Bobette Linner,0.99,1
Bondie Brookes,0.99,1
Boone Moorey,0.99,1
Bord Aggus,0.99,1
Bord Szymoni,0.99,1
Bridgette Pursehouse,0.99,1
Britta Brusby,0.99,1
Britteny Berndtsson,0.99,1
Brunhilde Brando,0.99,1
Burt Carbine,0.99,1
Burtie Lyon,0.99,1
Businessfun,0.99,1
Businesshouse,0.99,1
Byrle Bridgement,0.99,1
Callean Wynes,0.99,1
Calli Truder,0.99,1
Cally Michelet,0.99,1
Cara Gave,0.99,1
Cardguard,1.99,1
Caressa Gresly,0.99,1
Caro Stanbro,0.99,1
Carver Winslow,0.99,1
Casey Duffit,0.99,1
Cassi Delea,0.99,1
Cathlene Tookill,0.99,1
Cazzie Restorick,0.99,1
Ced MacAughtrie,0.99,1
Centralized,0.99,1
Cherrita Klewer,0.99,1
Chiquia Bewlay,0.99,1
Claudianus Engel,0.99,1
Claus Hartfleet,0.99,1
Cleavland Crannis,0.99,1
Clem Pomphrett,0.99,1
Clementia Sokill,0.99,1
Cloris Tatershall,0.99,1
Con Asey,0.99,1
Configurable,0.99,1
Conny Maylam,1.99,1
Cookley,1.99,1
Cori Winslade,0.99,1
Cristine Kondratyuk,0.99,1
Cross Wilcocke,0.99,1
Crossjazz,0.99,1
Crosslove,0.99,1
Crosspop,0.99,1
Crysta Medgwick,0.99,1
Curr Nehl,0.99,1
Customerfocused,0.99,1
Customerhiphopfocused,0.99,1
Customizable,1.99,1
Cy McGurk,0.99,1
Dagny Bertolin,0.99,1
Dalton Scoggins,0.99,1
Danila Blackstock,0.99,1
Dannye Rue,0.99,1
Daphna Nathon,0.99,1
Darcee Lammers,0.99,1
Dav Bannard,0.99,1
De Antos,0.99,1
De-engineered,0.99,1
Debby Knee,0.99,1
Debee Downes,0.99,1
Debi Ashleigh,0.99,1
Decentralized,0.99,1
Deck Smorthwaite,0.99,1
Deengineered,0.99,1
Della Horn,0.99,1
Denny Mattock,0.99,1
Deva Currum,0.99,1
Devinne Burnitt,0.99,1
Dewitt Perigeaux,0.99,1
Digitized,0.99,1
Dionysus Twell,0.99,1
Distributed,0.99,1
Dniren Kolakowski,0.99,1
Domainer,1.99,1
Donnajean Easum,0.99,1
Donnamarie Porcher,0.99,1
Donni Clemo,0.99,1
Donny Demange,0.99,1
Doreen Howell,0.99,1
Dorian Dabourne,0.99,1
Dorris Barnish,0.99,1
Drusy Slora,0.99,1
Dyana Dandie,0.99,1
Dyane Edington,0.99,1
Dylan Wanley,0.99,1
Eamon Kiss,0.99,1
Eda Frushard,0.99,1
Ede Westnedge,0.99,1
Eduino Wescott,0.99,1
Egor McIlwreath,0.99,1
Elberta Maffeo,0.99,1
Elias O'Kenny,0.99,1
Ellen Emma,0.99,1
Elmira Luter,0.99,1
Elva Peeke,0.99,1
Elvin Whatling,0.99,1
Emalee Lockier,0.99,1
Emeline Simmings,0.99,1
Emmey Greatorex,0.99,1
Emmy Tabbernor,0.99,1
Enhanced,0.99,1
Enrika Bomfield,0.99,1
Enterprisefukwide,0.99,1
Erroll Mouan,0.99,1
Ethel Badrock,0.99,1
Evan Molan,0.99,1
Evered Ridoutt,1.99,1
Expanded,0.99,1
Faina Burkin,0.99,1
Fairfax Blaney,0.99,1
Fania Bennis,0.99,1
Feliks Erie,0.99,1
Ferdinande Durbyn,0.99,1
Ferdinande Venmore,0.99,1
Fintone,1.99,1
Fix San,1.99,1
Flexidy,1.99,1
Florie Dyka,0.99,1
Florri Whistan,0.99,1
Franklyn Coldbathe,0.99,1
Frasco Downs,0.99,1
Freddie Tretwell,0.99,1
Freedman Pickavance,0.99,1
Frieda Pittway,0.99,1
Frontline,0.99,1
Frontpop,0.99,1
Fronttechno,0.99,1
Fullyconfigurable,0.99,1
Functionbased,0.99,1
Functiongroove,0.99,1
Functiontune,0.99,1
Fundamental,0.99,1
Futureproofed,0.99,1
Gabie Connold,0.99,1
Gav Hammerstone,0.99,1
Gayle Josephoff,0.99,1
Gene Girardez,0.99,1
Genevieve Detoile,0.99,1
Geoff Tomaello,0.99,1
Georg Beckinsale,0.99,1
Geraldine Gergely,0.99,1
Gerladina Gitting,0.99,1
Gerry Rawcliffe,0.99,1
Gert Briamo,0.99,1
Giffie Hosburn,0.99,1
Giselle Chicco,0.99,1
Giulietta Dawkins,0.99,1
Glenn Camerati,0.99,1
Glyn Stiles,0.99,1
Gonzales Murtagh,0.99,1
Grace MacLeod,0.99,1
Graphic Interface,0.99,1
Graphical User Interface,0.99,1
Grassjazzroots,0.99,1
Grasspop,0.99,1
Grassroots,0.99,1
Greenlam,1.99,1
Gregoor Oene,0.99,1
Gregory Message,0.99,1
Gretal Gietz,1.99,1
Grover Whittall,0.99,1
Gun Lawerence,0.99,1
Guss Burkhill,0.99,1
Gwendolyn Ruckledge,0.99,1
Hamlin Edgell,0.99,1
Haroun Ambrogioni,0.99,1
Harp Dunniom,0.99,1
Harri Bedlington,1.99,1
Harvey de Nore,0.99,1
Heinrik Scrinage,0.99,1
Hendrick Hilldrop,0.99,1
Hermina Basford,0.99,1
Homer Boumphrey,0.99,1
Homere McGeouch,0.99,1
Horizontal,0.99,1
Hube Bierling,0.99,1
Hugo Severns,0.99,1
Ignaz Vial,0.99,1
Ileane Poff,0.99,1
Ingaborg Waterland,0.99,1
Ingemar Petyt,0.99,1
Ingrim Halvorsen,0.99,1
Isa Ferrige,0.99,1
Isobel Mathwen,0.99,1
Jacquelyn Glanz,0.99,1
Jacquette Spinas,0.99,1
Jacquie Elsip,0.99,1
Jared Wellard,0.99,1
Jarret Fernely,0.99,1
Jaymie McDougal,0.99,1
Jayson Gilliatt,0.99,1
Jeffy Sandal,0.99,1
Jenica O'Flynn,0.99,1
Jeniece Oldnall,0.99,1
Jennine Hurcombe,0.99,1
Jerome Whorlow,0.99,1
Jessalyn Pylkynyton,0.99,1
Jessamine Bordis,0.99,1
Jessika McCroary,0.99,1
Jeth Burgwyn,0.99,1
Joana Passo,0.99,1
Jocelin Shine,0.99,1
Joceline Murr,0.99,1
Joellen Brugden,0.99,1
Johan Clifton,0.99,1
John Safont,0.99,1
Johnathon Al Hirsi,0.99,1
Jolee Gavin,0.99,1
Joletta Britney,0.99,1
Joshuah Jobey,0.99,1
Joshuah Parcall,0.99,1
Joycelin Dumbare,0.99,1
Juditha Brome,0.99,1
Junette Hedworth,0.99,1
Justen Kelf,0.99,1
Kahlil Caroli,0.99,1
Kane Suter,0.99,1
Kariotta Daout,0.99,1
Karisa Metherell,0.99,1
Karl Leavy,0.99,1
Karlen Martinet,0.99,1
Karoly Diwell,0.99,1
Katerina Decayette,0.99,1
Kathy Friskey,0.99,1
Kathye Cammish,0.99,1
Kaylyn Lamplugh,0.99,1
Kean Shuttleworth,0.99,1
Keen Longwood,0.99,1
Kelsey Cattrell,0.99,1
Kennan Lempke,0.99,1
Kerri Yeeles,0.99,1
Kerstin Bentsen,0.99,1
Kile Laughlin,0.99,1
Kilian Kerbler,0.99,1
Kingsly Crinson,0.99,1
Kipper Lomond,0.99,1
Kipper Mylechreest,0.99,1
Kit McGiffie,0.99,1
Korney Slyme,0.99,1
Kort Johannes,0.99,1
Kristan Leonardi,1.99,1
Kynthia Genge,0.99,1
Kynthia Strapp,0.99,1
Kyrstin Viegas,0.99,1
Lanie Fenelow,0.99,1
Laurel Asson,0.99,1
Laurie Amiranda,0.99,1
Laurie Barkhouse,0.99,1
Lavina Glabach,0.99,1
Lavinie Donald,0.99,1
Lazarus Jouanny,0.99,1
Lefty Biskupek,0.99,1
Lemuel Hullock,0.99,1
Lenette Gherardi,0.99,1
Leonid Cheeseman,0.99,1
Lian Paramor,0.99,1
Lilia Dominick,0.99,1
Lloyd Kildahl,0.99,1
Loella Ockland,1.99,1
Lolita Bynold,0.99,1
Lolly Musker,0.99,1
Lona Wenger,0.99,1
Lonee Benzie,0.99,1
Loraine Cawdell,1.99,1
Loren Hugin,0.99,1
Lorene Birchall,0.99,1
Lorilyn Ellingsworth,0.99,1
Lothaire Battersby,0.99,1
Lucienne Hair,0.99,1
Lucila Tyne,0.99,1
Lucina Tweedlie,0.99,1
Lulita Lorkings,0.99,1
Lynett Hatchell,0.99,1
Lynsey Rouby,0.99,1
Mabelle Tew,0.99,1
Mag Legerwood,0.99,1
Mala Reichelt,0.99,1
Mallissa Sherme,0.99,1
Mamie Baudain,0.99,1
Mandatory,0.99,1
Margarete Izat,0.99,1
Margarethe Macbeth,0.99,1
Margarita Joddens,0.99,1
Margaux Dodshun,0.99,1
Margeaux Truett,0.99,1
Marillin Lenihan,0.99,1
Marji Wyleman,0.99,1
Marleen Grzelczyk,0.99,1
Mart Gowthrop,0.99,1
Martelle Enderson,0.99,1
Maryjane Joannet,0.99,1
Marylynne Maroney,0.99,1
Matthew Bartram,0.99,1
Matthias Purveys,0.99,1
Mauricio Hannibal,0.99,1
Maurizia Pagden,0.99,1
Maury Duffan,0.99,1
Maximilian Cleobury,0.99,1
Maximilian Masden,0.99,1
Maximilian Roaf,0.99,1
Maximilianus Spivie,0.99,1
Maybelle Beaves,0.99,1
Mayer Sterre,0.99,1
Melba Lawday,0.99,1
Melloney Heymes,0.99,1
Melody Tortoishell,0.99,1
Mercie Pregal,0.99,1
Merill McGrail,0.99,1
Mervin Unworth,0.99,1
Micah Marchello,0.99,1
Mickie Witherspoon,0.99,1
Mighty Max,0.99,1
Milli O'Donohue,0.99,1
Milt Surgey,0.99,1
Minne Storek,0.99,1
Mirabelle Crowley,0.99,1
Miriam Cupitt,0.99,1
Mollie Bicksteth,0.99,1
Morgan Planque,0.99,1
Morgan Pyrke,0.99,1
Morlee Andrews,0.99,1
Morrie Peacham,0.99,1
Multialkjdfijchannelled,0.99,1
Multiaoijkewchannelled,0.99,1
Multichannelled,0.99,1
Multifun,0.99,1
Multigrooves,0.99,1
Multihouse,0.99,1
Multilateral,0.99,1
Multitrack,0.99,1
Multitunes,0.99,1
Myrle Bison,0.99,1
Nady Labbett,0.99,1
Nataline Orton,0.99,1
Natassia Bunn,0.99,1
Natka Reddell,0.99,1
Ned Suarez,0.99,1
Nelie Borg,0.99,1
Networked,0.99,1
Nikola Askell,0.99,1
Nils Kaminski,0.99,1
Nissy Jaquet,0.99,1
Noam Blonfield,0.99,1
Nobe Stiebler,0.99,1
Noella Lamort,0.99,1
Nolly Shipman,0.99,1
Norman Capron,0.99,1
Norri Klemke,0.99,1
Norris Ferenczi,0.99,1
Object-based,0.99,1
Ode Sandcroft,0.99,1
Ogden Deroche,0.99,1
Onfre Heggison,0.99,1
Opela Mann,0.99,1
Openarchitected,0.99,1
Organized,0.99,1
Orin Kluger,1.99,1
Orion Morrott,0.99,1
Orsa Phillpotts,0.99,1
Orsola McGunley,0.99,1
Othelia Francino,0.99,1
Othella Smiz,0.99,1
Pace Monahan,0.99,1
Pamela Braunes,0.99,1
Pamella Fonzone,0.99,1
Paolina Pont,0.99,1
Paolo Demeter,0.99,1
Pat Thorburn,0.99,1
Pate Matley,0.99,1
Paton Mainston,0.99,1
Patricia Colles,0.99,1
Patrick Pennyman,0.99,1
Paxton Roarty,0.99,1
Peadar Senussi,0.99,1
Pearla Lutwyche,0.99,1
Penny Byles,0.99,1
Persevering,0.99,1
Petr Bercher,0.99,1
Phased,0.99,1
Phineas Budnk,0.99,1
Pierson Miskelly,0.99,1
Port Nern,0.99,1
Preemptive,0.99,1
Prisca Offiler,0.99,1
Profitallday,0.99,1
Profitjazz,0.99,1
Progressive,0.99,1
Project Chill,0.99,1
Prudy Mallender,0.99,1
Qualitymusic,0.99,1
Qualitytoday,0.99,1
Qualitytunesallday,0.99,1
Quo Lux,1.99,1
Randi Manna,0.99,1
Reactive,0.99,1
Redhold,1.99,1
Reeba Haughan,0.99,1
Reengineered,0.99,1
Reggie Pineaux,0.99,1
Reinaldo Stapley,0.99,1
Renato Elleton,0.99,1
Reversebeats,0.99,1
Rhianon Jost,0.99,1
Rhona Dearnaley,0.99,1
Riannon Gittins,0.99,1
Ricca Juniper,0.99,1
Richard Pipping,0.99,1
Rightsized,0.99,1
Rightstuff,0.99,1
Riki Kohring,0.99,1
Rivi Shirland,0.99,1
Rob Shropsheir,0.99,1
Robinette Nevison,0.99,1
Robinson Gudahy,0.99,1
Rochette Larmouth,0.99,1
Rodge Shapcott,0.99,1
Rogerio Lawly,0.99,1
Rolando Sunnex,0.99,1
Romola Girardengo,0.99,1
Rosalind Dunnet,0.99,1
Rosanna Blakeney,0.99,1
Rosetta Cloke,0.99,1
Sandi Langland,0.99,1
Sandie Abbatt,1.99,1
Sascha MacCaffery,0.99,1
Saul Stichall,0.99,1
Selfsufficientclassical,0.99,1
Selftunesenabling,0.99,1
Sharai Oldall,0.99,1
Sharl Bushen,0.99,1
Sharlene Beamiss,0.99,1
Sheila Wallman,0.99,1
Sherlock Mahony,0.99,1
Sigismond Rapi,1.99,1
Skipp Stallworthy,0.99,1
Slade Hixley,0.99,1
Solarbreeze,1.99,1
Son Trevascus,0.99,1
Sophi Cockerham,0.99,1
Spenser Tebbitt,0.99,1
Spike Stranio,0.99,1
Standoveralone,0.99,1
Stanley Scottesmoor,0.99,1
Stephana Endean,0.99,1
Stim Brothers,0.99,1
Sully Dallison,1.99,1
Switchable,0.99,1
Sylvan Critoph,0.99,1
Tabbie Dore,0.99,1
Tammara Himsworth,0.99,1
Tampflex,1.99,1
Tan Dikelin,0.99,1
Tania Towhey,0.99,1
Teammusic,0.99,1
Teamoriented,0.99,1
Teamtriedandtrue,0.99,1
Tedie Edgworth,1.99,1
Thor Ozanne,0.99,1
Thorstein Ennew,0.99,1
Tin,1.99,1
Tobit Linkin,0.99,1
Tomkin Sutton,0.99,1
Tori Wason,0.99,1
Torr Rait,0.99,1
Torrence Aldersey,0.99,1
Total,0.99,1
Totaltoon,0.99,1
Towney Dickman,1.99,1
Transcof,1.99,1
Tres-Zap,1.99,1
Trev McVitty,0.99,1
Triplebuffered,0.99,1
Triplefries,0.99,1
Triplesec,0.99,1
Tripletimebuffered,0.99,1
Trippledex,1.99,1
Tristan Ellwand,0.99,1
Trudie Saladino,0.99,1
Ugo Thomesson,0.99,1
Umberto Pinkie,0.99,1
Upwards,0.99,1
Ursala Glasscock,0.99,1
Userfriendly,0.99,1
Users,0.99,1
Vale Golde,1.99,1
Vasili Shelley,0.99,1
Ventosanzap,1.99,1
Veribet,1.99,1
Vicky Halso,0.99,1
Victor Grung,0.99,1
Vilma Entres,0.99,1
Vinita Cluet,0.99,1
Vinnie Wollard,0.99,1
Visionbaby,0.99,1
Visionlove,0.99,1
Voyatouch,1.99,1
Waiter Adlard,0.99,1
Waverley Steel,0.99,1
Wayland Faltin,0.99,1
Wernher Issacov,0.99,1
Wiatt Kingdom,1.99,1
Willyt Saywell,0.99,1
Winna Demschke,0.99,1
Wolfy Armitt,0.99,1
Wrapsafe,1.99,1
Wright Paolucci,0.99,1
Y-find,1.99,1
Yoko Tinker,0.99,1
Yurik Drinkall,0.99,1
Zachery Huffey,0.99,1
Zaneta Ricci,1.99,1
Zelma Kibbe,1.99,1
Zoolab,1.99,1
access,0.99,1
alnalkfn,0.99,1
analyzing,0.99,1
attitude,0.99,1
attitudeoriented,1.99,1
background,0.99,1
bottom dweller,0.99,1
bottom fence,0.99,1
bottom noise,0.99,1
bottom tier,0.99,1
bottom to top,0.99,1
budgetary management,0.99,1
challenge,0.99,1
clearjazz,0.99,1
clearthinking,0.99,1
clientdriven,0.99,1
clienthelp,0.99,1
clienthip,0.99,1
clientserverfocus,0.99,1
clienttunes,0.99,1
composite,0.99,1
concept,1.99,1
contentbased,0.99,1
contentbased,1.99,1
contextjazz,0.99,1
contextmusic,0.99,1
contextuallybased,0.99,1
contextuallysmooth,0.99,1
core,0.99,1
datafunkwarehouse,0.99,1
datagroovewarehouse,0.99,1
datawarehouse,0.99,1
dedicated,0.99,1
demandfunkdriven,0.99,1
disintermediate,0.99,1
ecogroove,0.99,1
ecolove,0.99,1
encoding,0.99,1
evenfunkkeeled,0.99,1
evenkeeled,0.99,1
evenstevenkeeled,0.99,1
executive,0.99,1
extranet,0.99,1
extranet,1.99,1
flexibility,0.99,1
freshfunkthinking,0.99,1
freshjazzthinking,0.99,1
freshtechnothinking,0.99,1
fullrange,0.99,1
function,0.99,1
functionalities,0.99,1
gridenabled,0.99,1
gridlockenabled,0.99,1
heuristic,0.99,1
highjazzlevel,0.99,1
hightechlevel,0.99,1
hoioerw,0.99,1
holistic,1.99,1
humanpop,0.99,1
humanresource,0.99,1
implementation,0.99,1
infojazzmediaries,0.99,1
infotunedinmediaries,0.99,1
infotunemediaries,0.99,1
infrastructure,0.99,1
installation,1.99,1
intermediate,0.99,1
internet solution,0.99,1
intranet,0.99,1
jeoj,0.99,1
kjjljdkf,0.99,1
lajasdkljf,0.99,1
lajwrlwr,0.99,1
lakjajf,0.99,1
lakjdfas,0.99,1
lkwrareg,0.99,1
lsdjajknfd,0.99,1
lwktjykjwy,0.99,1
matrices,0.99,1
matrix,0.99,1
maximized,0.99,1
missiongroovecritical,0.99,1
missionpopcritical,0.99,1
moderator,0.99,1
modular,0.99,1
multichat,0.99,1
multilove,0.99,1
multiregion,0.99,1
multitasking,0.99,1
needsbased,0.99,1
neural-net,0.99,1
non-volatile,0.99,1
nonvolatile,0.99,1
object-oriented,0.99,1
objecthouseoriented,0.99,1
objectoriented,0.99,1
oijij,0.99,1
parallelism,0.99,1
portal,0.99,1
process improvement,1.99,1
product,0.99,1
productivity,0.99,1
radical,0.99,1
radical,1.99,1
realfun,0.99,1
realhip,0.99,1
reallove,0.99,1
reciprocal,0.99,1
regional,0.99,1
secondary,0.99,1
secured line,0.99,1
servicedesk,0.99,1
servicejazzdesk,0.99,1
solutionhiphop,0.99,1
solutionoriented,0.99,1
solutionsavior,0.99,1
superstructure,0.99,1
support,0.99,1
systemwhat,0.99,1
systework,0.99,1
taskforce,0.99,1
taskteller,0.99,1
tertiary,0.99,1
timeframe,0.99,1
timetellframe,0.99,1
timewhatframe,0.99,1
toolsettunes,0.99,1
transitional,0.99,1
valuekin,0.99,1
webby,0.99,1
website,0.99,1
zero administration,1.99,1
